,comm_impact,mig_threshold,mig_util
0,0.6401503768358449,285.81312772629553,850.5059117556461
