,comm_impact,mig_threshold,mig_util
0,0.5845887303788234,2700.212952445904,1851.6789277820442
