,comm_impact,mig_threshold,mig_util
0,0.5845887303788234,1797.2573632139088,1280.3007536716898
