,comm_impact,mig_threshold,mig_util
0,0.18786430201578075,4764.487451502514,1941.3304655564568
