,comm_impact,mig_threshold,mig_util
0,0.9258394638910221,1656.5359172816059,850.5059117556461
