,comm_impact,mig_threshold,mig_util
0,0.5400425904891808,1551.9817745330377,114.32525109051821
