,comm_impact,mig_threshold,mig_util
0,0.8741035984861429,3498.814696205064,912.957677714326
