,comm_impact,mig_threshold,mig_util
0,0.35945147264278177,1551.9817745330377,662.6143669126423
