,comm_impact,mig_threshold,mig_util
0,0.4835686164978682,24.318123534970034,1784.2738499449763
