,comm_impact,mig_threshold,mig_util
0,0.13966346626632103,1072.183720135494,121.79084362028428
