,comm_impact,mig_threshold,mig_util
0,0.9088894374308549,814.151891712249,1253.5468716291723
