,comm_impact,mig_threshold,mig_util
0,0.40208689062584807,3680.1999754768517,1490.3171739729921
