,comm_impact,mig_threshold,mig_util
0,0.9848154135904498,4612.378694399669,1393.567000199565
