,comm_impact,mig_threshold,mig_util
0,0.6672618394930929,4403.875529264636,1091.0230636659765
