,comm_impact,mig_threshold,mig_util
0,0.5257381874928356,3174.973496132313,490.9662576586554
