,comm_impact,mig_threshold,mig_util
0,0.7041310145647746,1377.5829461372114,1134.2643125564528
