,comm_impact,mig_threshold,mig_util
0,0.7764426939681063,3786.6289198292,366.28217513999886
