,comm_impact,mig_threshold,mig_util
0,0.027533039211090755,2145.0828378669944,13.205512727198688
