,comm_impact,mig_threshold,mig_util
0,0.060238080701509815,2400.3600940457013,1661.2729181929055
