,comm_impact,mig_threshold,mig_util
0,0.8032453491203305,1796.1429341524065,590.7542946516052
