,comm_impact,mig_threshold,mig_util
0,0.3487696358586666,2959.644253763472,222.58127266634347
