,comm_impact,mig_threshold,mig_util
0,0.2981678752860745,4137.701516010237,1500.9769977119686
