,comm_impact,mig_threshold,mig_util
0,1,9110.28907790185,15552.5980303993
