,comm_impact,mig_threshold,mig_util
0,1,43261.23551824351,18511.215678611377
