,comm_impact,mig_threshold,mig_util
0,1,22916.50581692049,26298.827196652685
