,comm_impact,mig_threshold,mig_util
0,1,22148.871816422143,40213.3130511803
