,comm_impact,mig_threshold,mig_util
0,1,65966.00898194546,31401.797882999093
