,comm_impact,mig_threshold,mig_util
0,1,48148.556232139665,28195.59381625076
