,comm_impact,mig_threshold,mig_util
0,1,2438.191813002051,49634.06375312285
