,comm_impact,mig_threshold,mig_util
0,1,131.06326768295773,14334.796731674867
