,comm_impact,mig_threshold,mig_util
0,1,16039.582053464992,17400.212090242785
