,comm_impact,mig_threshold,mig_util
0,1,64641.40269541626,20942.149919274703
