,comm_impact,mig_threshold,mig_util
0,1,50073.30996250495,43742.447586314396
