,comm_impact,mig_threshold,mig_util
0,1,40957.07761289036,44933.34831608302
