,comm_impact,mig_threshold,mig_util
0,1,56659.414040582305,27791.79174716009
