,comm_impact,mig_threshold,mig_util
0,1,28617.4724056362,21654.59820334214
