,comm_impact,mig_threshold,mig_util
0,1,11344.257870152034,484.6799030422758
