,comm_impact,mig_threshold,mig_util
0,1,71681.110404616,41904.81397670282
