,comm_impact,mig_threshold,mig_util
0,1,34788.14518551158,22209.992170090045
