,comm_impact,mig_threshold,mig_util
0,1,30178.070920368988,2073.5038806067605
