,comm_impact,mig_threshold,mig_util
0,1,70150.97355761312,16648.209935241593
