,comm_impact,mig_threshold,mig_util
0,1,7257.525654222585,4495.816158340469
