,comm_impact,mig_threshold,mig_util
0,1,57824.95796285663,1095.9200667943799
