,comm_impact,mig_threshold,mig_util
0,1,5731.556644137614,30280.921466933207
