,comm_impact,mig_threshold,mig_util
0,1,51842.85096395918,13295.76370224016
