,comm_impact,mig_threshold,mig_util
0,1,67511.89546365294,39226.36013801884
