,comm_impact,mig_threshold,mig_util
0,1,3298.2897257684717,8198.417429532796
