,comm_impact,mig_threshold,mig_util
0,1,53823.4066375929,48754.492474908264
