,comm_impact,mig_threshold,mig_util
0,1,24555.834408232982,46004.40764492307
