,comm_impact,mig_threshold,mig_util
0,0,52473.42175296033,40553.97135878418
