,comm_impact,mig_threshold,mig_util
0,1,63207.75009033872,34548.88203784289
