,comm_impact,mig_threshold,mig_util
0,1,43058.08035896392,37132.29136395536
