,comm_impact,mig_threshold,mig_util
0,1,32088.169473250706,5594.275567103534
