,comm_impact,mig_threshold,mig_util
0,1,72166.42250417713,29139.780280987194
