,comm_impact,mig_threshold,mig_util
0,1,61776.68551837189,10864.76496678298
