,comm_impact,mig_threshold,mig_util
0,1,14529.347846065288,7788.211892379221
