,comm_impact,mig_threshold,mig_util
0,1,9608.464814671013,25778.4921702787
