,comm_impact,mig_threshold,mig_util
0,1,19552.23358940902,23250.84558083452
