,comm_impact,mig_threshold,mig_util
0,1,13074.548831299542,33372.368579412316
