,comm_impact,mig_threshold,mig_util
0,1,46146.39675388032,9731.0276403557
