,comm_impact,mig_threshold,mig_util
0,1,78427.05569816753,32004.223913508406
