,comm_impact,mig_threshold,mig_util
0,1,18056.4249969949,35080.463617357185
