,comm_impact,mig_threshold,mig_util
0,1,36818.28564291851,47985.58585665285
