,comm_impact,mig_threshold,mig_util
0,1,46447.44790527636,12884.325663366433
