,comm_impact,mig_threshold,mig_util
0,1,35659.02511734033,24302.929686242624
