,comm_impact,mig_threshold,mig_util
0,1,39694.98773411445,11113.253134417391
