,comm_impact,mig_threshold,mig_util
0,1,54408.25015685427,38437.12319126773
