,comm_impact,mig_threshold,mig_util
0,1,74704.04221650514,36722.91631394525
