,comm_impact,mig_threshold,mig_util
0,1,75730.95040037518,42520.1746856275
