,comm_impact,mig_threshold,mig_util
0,1,31947.183020567994,3757.5366841711616
