,comm_impact,mig_threshold,mig_util
0,1,26587.27128476387,6255.662552515526
