,comm_impact,mig_threshold,mig_util
0,1,60497.82022360346,45227.43891395183
